话题,用户链接,用户名,博文链接,发博时间,发博IP,博文内容,点赞数,评论数,转发数,用户性别,用户粉丝数,用户身份认证
21岁重庆男子跳江,https://weibo.com/1746575865?refer_flag=1001030103_,互联网俊明说,https://weibo.com/1746575865/Ocqei5KYM?refer_flag=1001030103_,Thu May 02 15:36:15 +0800 2024,发布于 瑞典,#21岁重庆男子跳江#这女的与职业诈骗犯有什么区别？建议男方家属，请请最牛的律师，争取把她送进去。男方的死亡与她有直接关系，千万不要放过她。放过她，又会去坑害下一个男生。​,1244,366,125,m,6010121,互联网媒体人 微博2021十大影响力互联网科技大V
21岁重庆男子跳江,https://weibo.com/2095858834?refer_flag=1001030103_,兔撕鸡大老爷,https://weibo.com/2095858834/Ocwml3qrC?refer_flag=1001030103_,Fri May 03 07:12:33 +0800 2024,发布于 江苏,#21岁重庆男子跳江##谭竹回应#全网网友们给这位游戏里的通天代、现实里的纯爱点了一桥的美食，昨晚重庆长江大桥旁的商家都爆单了…​,6169,200,101,m,1958792,2023微博年度新知博主 互联网科技博主
21岁重庆男子跳江,https://weibo.com/1463707815?refer_flag=1001030103_,作家陈岚,https://weibo.com/1463707815/Ocq1e2vLY?refer_flag=1001030103_,Thu May 02 15:04:03 +0800 2024,发布于 上海,#21岁重庆男子跳江#省流，这个热搜话题大意：21岁男子为游戏代练，省吃俭用给女友转账达51万，愿意当上门女婿。仍然被分手。自杀前给女友大额转账6.6万，还注明“自愿赠予”。依然未获回应。遂跳江。据热搜中的网友发布说：尸体尚未寻获。女方已经开始发抖音小视频……其实现在女生都有常识了，​展开c,5385,797,342,f,1599168,作家陈岚，代表作《背后》  2022年辰星计划博主
21岁重庆男子跳江,https://weibo.com/3895107933?refer_flag=1001030103_,鹏程蛇口,https://weibo.com/3895107933/Ocqunf4l3?refer_flag=1001030103_,Thu May 02 16:15:51 +0800 2024,发布于 印度尼西亚,#21岁重庆男子跳江#为了省6毛钱退款重新下单。而两年半给了女生51万，如此卑微，何必呢？无论男孩还是女孩，都要尊重自己的生命，你是为自己活着。​,871,1,40,m,1140218,房产专家 房产博主 头条文章作者
21岁重庆男子跳江,https://weibo.com/2580225544?refer_flag=1001030103_,种花守护神,https://weibo.com/2580225544/Ocq304xw6?refer_flag=1001030103_,Thu May 02 15:08:26 +0800 2024,发布于 山东,#21岁重庆男子跳江#这个热搜看的我一头雾水。没有媒体报道。自媒体发文语焉不详。于是我就从话题贡献度入手。找到了一个抖音号。自称是其姐姐。发布作品23个。一，无法判断真假。二，如果为真，想要回钱，我觉得还是走法律程序比较好。三，我看抖音评论区有人晒出了女子身份信息，电​展开c,1576,216,14,f,618592,军事博主
21岁重庆男子跳江,https://weibo.com/3089487123?refer_flag=1001030103_,伊利达雷之怒,https://weibo.com/3089487123/Ocu442Pt4?refer_flag=1001030103_,Fri May 03 01:22:02 +0800 2024,发布于 四川,#21岁重庆男子跳江#啊，就算你要girlshelpgirls，他姐姐难道不是girl吗？​,5265,330,86,m,511283,游戏博主 微博原创视频博主
21岁重庆男子跳江,https://weibo.com/6228989666?refer_flag=1001030103_,亩零日记,https://weibo.com/6228989666/OcqFY18lu?refer_flag=1001030103_,Thu May 02 16:44:26 +0800 2024,发布于 湖南,你们去抖音搜可可睡不着，她的21岁弟弟跳河自杀了，因为被渣女pua，两年给渣女花了51万，自己一个人却只点10块钱的拼好饭，从早上刷到现在一直不能释怀，一些举动看到了曾经自己的影子，少年啊来世一定要先爱自己再爱别人。#21岁重庆男子跳江#​,846,83,46,m,305035,
21岁重庆男子跳江,https://weibo.com/1579997553?refer_flag=1001030103_,王春天v,https://weibo.com/1579997553/Ocy1pEEXq?refer_flag=1001030103_,Fri May 03 11:26:30 +0800 2024,发布于 陕西,胖猫已经被女友伤害，悲痛离开这世界，热心网友给胖猫点的外卖，可是重庆解放碑这些不良商家，华莱士空包、茶百道装冰水、牛约堡空包、朱小小螺蛳粉放空盒子，用你们的不良继续伤害一个离去的孩子，这血豆腐也要吃？这个世界会好吗？#华莱士空包##21岁重庆男子跳江##胖猫谭竹#​展开c,665,93,65,m,2144934,作家 诗人 微博原创视频博主 娱乐博主 头条文章作者
21岁重庆男子跳江,https://weibo.com/6059492811?refer_flag=1001030103_,拆台CT,https://weibo.com/6059492811/Ocpwh2yJl?refer_flag=1001030103_,Thu May 02 13:47:48 +0800 2024,发布于 山东,#21岁重庆男子跳江#看了下死者姐姐的DY爆料。如果属实的话，这男的应该是被PUA了。而且，按照包丽案的逻辑，这女的应该被判虐待罪。但是现在嘛，闹得还不够大。先关注下，看看官方怎么说。#胖猫#​专栏·胖猫谭竹事件​,8237,419,453,m,717188,互联网科技博主 2022年辰星计划博主 超话主持人（拆拆的台超话） 微博原创视频博主 头条文章作者
21岁重庆男子跳江,https://weibo.com/1403078180?refer_flag=1001030103_,南风在北京,https://weibo.com/1403078180/OcrGgyzbR?refer_flag=1001030103_,Thu May 02 19:17:55 +0800 2024,发布于 河北,#21岁重庆男子跳江#看了一下大致的内容，男孩子实在是太惨，也太傻了，中国汉族男性从小被系统性的PUA“要有责任，要有担当”，这样的男性很容易被拜金主义的捞女利用、吃干抹尽，直到失去生命。因为没有对等的道德教育，所以一个性别是责任担当，做牛做马，一个性别是个人自由，享乐主义，这样荒诞的​展开c,4118,661,133,m,306705,头条文章作者
21岁重庆男子跳江,https://weibo.com/2970036311?refer_flag=1001030103_,贴小君,https://weibo.com/2970036311/OcsAg7Qi3?refer_flag=1001030103_,Thu May 02 21:35:51 +0800 2024,发布于 贵州,「21岁重庆男子跳江」事件里，很多会觉得男生太傻，但男生的家庭可让他有点缺爱吧，别人稍微对他好点，就感觉自己看到了救赎。离异家庭，遇到捞女的时候才19岁，天天忙着游戏陪玩挣钱，没什么朋友，当时女方比他大7岁，天天网上老公老公的，阅历少又缺爱的男主，被这种网上钓鱼的捞女拿捏不要太简单。​展开c,5900,365,193,m,9608295,微博知名搞笑博主 微博新知博主 互联网科技博主
21岁重庆男子跳江,https://weibo.com/7623214127?refer_flag=1001030103_,江卓尔_大号,https://weibo.com/7623214127/Odd5Q5zQQ?refer_flag=1001030103_,Tue May 07 20:00:01 +0800 2024,发布于 中国香港,在#21岁重庆男子跳江##胖猫谭竹#事件后，你对「钱是给女人看的，不是给女人花的」这句话的态度是？你对「钱是给女人看的，不是给女人花的」这句话的态度是？不知道这事情的看这几条微博：给女方转账4539元有零有整微博正文自己骗自己发表情包微博正文吃10块钱的外卖微博正文​,4797,56,11,m,179927,情感博主
21岁重庆男子跳江,https://weibo.com/1820578701?refer_flag=1001030103_,斯库里,https://weibo.com/1820578701/OcxFCBYCZ?refer_flag=1001030103_,Fri May 03 10:32:49 +0800 2024,发布于 北京,#21岁重庆男子跳江#在这个话提下，诸多微博的评论区里。非常清楚且坚定支持——“这是好人和坏人，跟性别没关系！”“这是诈骗犯和受害者，跟性别没关系！”等等道理的人，那还是不少的嘛。​,713,63,39,m,1573898,文学评论家、影视评论达人斯库里，出版作品有《北京镜鉴记》《生命》等  2022年辰星计划博主
21岁重庆男子跳江,https://weibo.com/5636136297?refer_flag=1001030103_,瘦不了的中医肥猫,https://weibo.com/5636136297/Ocpss6MaC?refer_flag=1001030103_,Thu May 02 13:38:23 +0800 2024,发布于 安徽,#21岁重庆男子跳江#刚在厨房做辣椒酱，突然刷到这个话题，我先以为工作学业的抑郁症，点开一看，我的妈，男生也有这样的恋爱脑？我看了下女的写的小作文，刚看了个头我就想把它掐死，🍵渣这种茶婊就得老肥猫去治，手段多了去了，去它单位小区拉个横幅打个滚撒个泼挑个楼，再跟我们前党委书记一样​展开c,345,19,3,f,861620,浦口白露中医门诊部中医科医师
21岁重庆男子跳江,https://weibo.com/2720794063?refer_flag=1001030103_,长白云之乡的旅人,https://weibo.com/2720794063/Og4fLCMgS?refer_flag=1001030103_,Sun May 26 15:00:41 +0800 2024,发布于 新西兰,最近十多天里，桥上的30个红色沙箱和“安全值守人”引起市民关注，工作人员每天24小时不间断巡视，用辛劳、劝慰换回了迷失者的平安。#21岁重庆男子跳江#网上一段34秒视频显示，宽阔的桥面上每隔数十米远就有一个红色沙箱，一些穿着黄色制服的人在桥上巡逻，他们中有的累了便坐在上面休息，有的倚在​展开c,6,1,1,m,204366,旅游博主
21岁重庆男子跳江,https://weibo.com/7372386521?refer_flag=1001030103_,一颗看起来呆呆傻傻的RanZ,https://weibo.com/7372386521/Ofln8AKRc?refer_flag=1001030103_,Tue May 21 20:45:14 +0800 2024,发布于 湖北,一群“纯爱战士”不知道还在硬争什么，这个时候就算是p猫复活过来当面澄清他们都能说是被pua太狠了……警方通告那么清楚了一个个还在固执的只相信自己认为的，是不这么做会显得自己之前的行为很打脸很可笑吗谁和你们一样恋爱拿计算机谈啊我真是要笑死了#21岁重庆男子跳江#​展开c,5,7,0,m,9,
21岁重庆男子跳江,https://weibo.com/2886596437?refer_flag=1001030103_,小红驴,https://weibo.com/2886596437/Of9jdvxFp?refer_flag=1001030103_,Mon May 20 14:02:35 +0800 2024,发布于 江苏,普法公告1.不要全收，收8退22.记得朋友圈公开3.要口头拒绝，再收款4.不要找极端恋爱脑#婚姻与爱情的本质是什么##21岁重庆男子跳江##警方通报胖猫与谭某经济往来情况#​,0,0,0,m,5444,
21岁重庆男子跳江,https://weibo.com/2650868757?refer_flag=1001030103_,生活多巴胺,https://weibo.com/2650868757/Of8o4gXbv?refer_flag=1001030103_,Mon May 20 11:41:48 +0800 2024,发布于 湖北,#21岁重庆男子跳江#三年学说话一生学闭嘴热搜只能看不能信更别评媒体的舆论引导作用确实强大只要嗅到一丝热点便开始运作接着我们就进入到它设定的轨道​,0,5,0,m,89,
21岁重庆男子跳江,https://weibo.com/7800820626?refer_flag=1001030103_,别管我nmnm,https://weibo.com/7800820626/Of5b5bFas?refer_flag=1001030103_,Mon May 20 03:31:34 +0800 2024,发布于 云南,#21岁重庆男子跳江#还好我一开始就不信，符合刻板印象😎​,1,0,0,f,87,
21岁重庆男子跳江,https://weibo.com/5904559267?refer_flag=1001030103_,Johna丶,https://weibo.com/5904559267/Of4xgmwxV?refer_flag=1001030103_,Mon May 20 01:53:28 +0800 2024,发布于 江苏,结果反转了，舒服了#胖猫事件##21岁重庆男子跳江#​,0,1,0,f,1,
21岁重庆男子跳江,https://weibo.com/5288789067?refer_flag=1001030103_,彼时花未名px,https://weibo.com/5288789067/Of3LQ2QSW?refer_flag=1001030103_,Sun May 19 23:56:38 +0800 2024,发布于 河南,#21岁重庆男子跳江#感谢这个反转热搜！我顺着热门拉黑了好多大v​,1,0,0,f,69,
21岁重庆男子跳江,https://weibo.com/7522928191?refer_flag=1001030103_,又见春-li,https://weibo.com/7522928191/Of3yqDsUk?refer_flag=1001030103_,Sun May 19 23:23:36 +0800 2024,发布于 河南,#21岁重庆男子跳江#终于结束了，世界就是一个巨大的爱丁堡，让我见识到了现在的人有多么的厌女​,15,1,0,f,5,
21岁重庆男子跳江,https://weibo.com/6029363864?refer_flag=1001030103_,Sparks九,https://weibo.com/6029363864/Of3w2bFKI?refer_flag=1001030103_,Sun May 19 23:17:41 +0800 2024,发布于 河南,#21岁重庆男子跳江#终极大反转​,3,1,0,f,61,
21岁重庆男子跳江,https://weibo.com/3506423091?refer_flag=1001030103_,Bohemian-Remix,https://weibo.com/3506423091/Of3sdE5FH?refer_flag=1001030103_,Sun May 19 23:08:18 +0800 2024,发布于 北京,#21岁重庆男子跳江#警情通报是不看的，骂人是不分青红皂白的，不服的话有些人以命抵命吧,873675,0,0,f,88,
21岁重庆男子跳江,https://weibo.com/7489280173?refer_flag=1001030103_,不落星段嘉衍,https://weibo.com/7489280173/Of3ckpyjD?refer_flag=1001030103_,Sun May 19 22:29:09 +0800 2024,发布于 广东,#21岁重庆男子跳江#最喜欢的女明星必须是章若楠，最喜欢的女网红必须是蛇姐，最喜欢的运动必须是篮球，最喜欢的小说必须是26岁女房客，最喜欢的小说女主角必须是沈幼楚，最喜欢的游戏必须是《完蛋我被美女包围了》，最喜欢的电影必须是大话西游，网名必须叫只听Jay，人设是纯爱战神沸羊羊，口癖是典​展开c,3,0,0,f,69,超话粉丝大咖（段嘉衍超话）
21岁重庆男子跳江,https://weibo.com/1880337261?refer_flag=1001030103_,我有选择困难,https://weibo.com/1880337261/Of3aZF9cF?refer_flag=1001030103_,Sun May 19 22:25:51 +0800 2024,发布于 北京,#21岁重庆男子跳江#z​,0,0,0,f,108,
21岁重庆男子跳江,https://weibo.com/6502663950?refer_flag=1001030103_,舞崽崽_,https://weibo.com/6502663950/Of2UHbWYZ?refer_flag=1001030103_,Sun May 19 21:45:42 +0800 2024,发布于 广西,#21岁重庆男子跳江#终于真相大白了​,0,0,0,f,10422,超话粉丝大咖（姚琛超话）
21岁重庆男子跳江,https://weibo.com/6048891292?refer_flag=1001030103_,寄给月光的信,https://weibo.com/6048891292/Of2QtcuWD?refer_flag=1001030103_,Sun May 19 21:35:18 +0800 2024,发布于 北京,#21岁重庆男子跳江#爱丁堡们出来说话​,12,0,0,f,2848,超话创作官（周也超话）
21岁重庆男子跳江,https://weibo.com/7432249859?refer_flag=1001030103_,你好请你衮_脚刹狗叠版,https://weibo.com/7432249859/Of2NvgWD3?refer_flag=1001030103_,Sun May 19 21:27:59 +0800 2024,发布于 安徽,#21岁重庆男子跳江#互联网肛🦶这场闹剧终于结束了​,4,0,0,f,19,
21岁重庆男子跳江,https://weibo.com/6227239435?refer_flag=1001030103_,York丶渊渊,https://weibo.com/6227239435/Of2Nrn6uu?refer_flag=1001030103_,Sun May 19 21:27:50 +0800 2024,发布于 广东,#21岁重庆男子跳江#现在热门挂着的还是一堆带节奏的……​,1,0,0,f,57,微博原创视频博主
21岁重庆男子跳江,https://weibo.com/7468544762?refer_flag=1001030103_,上上签的签上水,https://weibo.com/7468544762/Of2ILEivi?refer_flag=1001030103_,Sun May 19 21:16:20 +0800 2024,发布于 贵州,#21岁重庆男子跳江#只能说没有花钱的还好，点了外卖画了钱的是真正的🤡​,7,1,0,f,4,
21岁重庆男子跳江,https://weibo.com/7869548212?refer_flag=1001030103_,lop7kookie,https://weibo.com/7869548212/Of2Grsnf8?refer_flag=1001030103_,Sun May 19 21:10:36 +0800 2024,发布于 吉林,未知全貌不予置评，这点我混迹饭圈多年，遇到热点事件做的也很好🙂️不吃瓜不跟风，现在事情真的有反转我只想看看当初盲目跟风蹭热度的joker真面孔#21岁重庆男子跳江#​,0,0,0,f,80,
21岁重庆男子跳江,https://weibo.com/7672540516?refer_flag=1001030103_,salt_haox,https://weibo.com/7672540516/Of2ERnk2p?refer_flag=1001030103_,Sun May 19 21:06:42 +0800 2024,发布于 辽宁,#21岁重庆男子跳江#真相大白了​,1,0,0,f,1189,
21岁重庆男子跳江,https://weibo.com/6997314122?refer_flag=1001030103_,i橘色猫,https://weibo.com/6997314122/Of2DJvk79?refer_flag=1001030103_,Sun May 19 21:03:55 +0800 2024,发布于 重庆,#21岁重庆男子跳江#说话啊帮着造谣的诋毁女性的那帮人怎么不说话了,873675,0,0,f,10,
21岁重庆男子跳江,https://weibo.com/6726001936?refer_flag=1001030103_,无语无语大大无语,https://weibo.com/6726001936/Of2CAfiGJ?refer_flag=1001030103_,Sun May 19 21:01:05 +0800 2024,发布于 甘肃,#21岁重庆男子跳江#女方真是倒了大霉​,5,0,0,f,565,
21岁重庆男子跳江,https://weibo.com/5936962865?refer_flag=1001030103_,lorkkey44708,https://weibo.com/5936962865/Of2AzzvUG?refer_flag=1001030103_,Sun May 19 20:56:08 +0800 2024,发布于 内蒙古,#21岁重庆男子跳江#网友和国♂伸长了半天正义，说女方是捞女，还开盒人家全家，现在好了，原来你们就是一场笑话​,11,0,0,f,50,
21岁重庆男子跳江,https://weibo.com/6193306529?refer_flag=1001030103_,王安淇ZM,https://weibo.com/6193306529/Of2zG3Hl0?refer_flag=1001030103_,Sun May 19 20:53:55 +0800 2024,发布于 河南,#21岁重庆男子跳江#啧，这件事该了结了​,0,0,0,f,2887,微博原创视频博主
21岁重庆男子跳江,https://weibo.com/2679053417?refer_flag=1001030103_,满仓抄底2024,https://weibo.com/2679053417/OeyyLoSTu?refer_flag=1001030103_,Thu May 16 16:29:16 +0800 2024,发布于 广东,男人太难了好不容易找个工作工资又要被拖欠了！哎疫情三年过去了家底也拼光了开店也亏父母的积蓄都花了还欠20个上个班也面临欠薪感觉很难！这几年就像一场梦感觉是打零工重庆长江大桥50米一岗感觉已经很难了！我该怎么办？#21岁重庆男子跳江#​,232,3,2,m,649351,财经博主
21岁重庆男子跳江,https://weibo.com/5234391166?refer_flag=1001030103_,寧缺毋濫vincy仁婵廷,https://weibo.com/5234391166/OetvTeXjw?refer_flag=1001030103_,Thu May 16 03:38:27 +0800 2024,发布于 浙江,#21岁重庆男子跳江#这盘一看确实是会克对象那种阳刃格八专日今年直接寅卯辰三会这也算一种克对象的克应吧这盘谁做她配偶谁倒霉今年印入墓名誉没了也算是活该该不做人活该被千夫所指万人唾骂如果真如她所说是tong可能就化解了这种克今年三会木了哪里还有官杀的活路​展开c,0,0,0,f,26424,综艺博主
21岁重庆男子跳江,https://weibo.com/3829430387?refer_flag=1001030103_,固念hworld,https://weibo.com/3829430387/Oept1eYzE?refer_flag=1001030103_,Wed May 15 17:20:24 +0800 2024,发布于 浙江,还实名小丑🤡拿5万博个热度没博到现在又是删微博又是改名字@虎牙酷酷的鑫请问你这5万怎么给啊？#胖猫姐姐发胖猫死亡证明##胖猫事件##21岁重庆男子跳江#​,16,17,1,m,267,
21岁重庆男子跳江,https://weibo.com/3889177046?refer_flag=1001030103_,长春赞,https://weibo.com/3889177046/OegJwedwc?refer_flag=1001030103_,Tue May 14 19:06:19 +0800 2024,发布于 吉林,#21岁重庆男子跳江#想不开的人为什么越来越多？什么原因造成的？L长春赞的微博视频​,0,0,0,m,996518,本地资讯博主（长春）
21岁重庆男子跳江,https://weibo.com/7777540782?refer_flag=1001030103_,三铜钱老师,https://weibo.com/7777540782/Oe7jijk7w?refer_flag=1001030103_,Mon May 13 19:07:00 +0800 2024,发布于 上海,做人，把将要骂出口的话忍住，是一种修为；把看不顺眼的看似，是一种智慧；把咽不下去的气咽下，是一种胸怀；把看不起的人看起，是一种修养。做事，一旦从别人身上找原因，一想就疯；若能从自己身上找问题，一想就通。你若计较，鸡毛蒜皮也能伤你；你若释怀，风风雨雨也毫不畏惧。欲知自己前世和今生的​展开c,2,0,0,m,3945,
21岁重庆男子跳江,https://weibo.com/1647486362?refer_flag=1001030103_,上帝之鹰_5zn,https://weibo.com/1647486362/OdsfnnW4B?refer_flag=1001030103_,Thu May 09 10:34:43 +0800 2024,发布于 福建,#21岁重庆男子跳江#“胖猫的事，抛开事实不谈，以后没atm给我随意提款该怎么办啊啊啊？！”​,203,23,2,m,2475271,译员，代表作有《迦太基必须毁灭》等  2022年辰星计划博主 互联网科技博主 微博原创视频博主
21岁重庆男子跳江,https://weibo.com/7587616259?refer_flag=1001030103_,凉兮本主,https://weibo.com/7587616259/OdqHe6shS?refer_flag=1001030103_,Thu May 09 06:37:50 +0800 2024,发布于 浙江,也许不会卖，但是肯定会收割，大号商用，谨慎入坑。@凉兮回来了@半木夏#胖猫事件##21岁重庆男子跳江#​,2,0,0,m,203,
21岁重庆男子跳江,https://weibo.com/7592227269?refer_flag=1001030103_,张轩睿200810,https://weibo.com/7592227269/OdpdTyhEn?refer_flag=1001030103_,Thu May 09 02:52:50 +0800 2024,发布于 上海,#胖猫事件#这网友一言难尽#21岁重庆男子跳江##胖猫事件#​,1,0,0,m,2,
21岁重庆男子跳江,https://weibo.com/6522186203?refer_flag=1001030103_,悄长,https://weibo.com/6522186203/OdoiGwqAQ?refer_flag=1001030103_,Thu May 09 00:31:53 +0800 2024,发布于 江苏,傻小子，得知你的消息生生被你硬控到了现在，通天代的你难道就看不出其中的真假吗，你知道只是不愿意面对而已，下辈子别在这么傻了#胖猫事件##胖猫##21岁重庆男子跳江#​,1,0,0,m,9,
21岁重庆男子跳江,https://weibo.com/6510462615?refer_flag=1001030103_,泪剂,https://weibo.com/6510462615/OdnPXzu85?refer_flag=1001030103_,Wed May 08 23:21:07 +0800 2024,发布于 福建,#21岁重庆男子跳江#发声的实在难过下去陪他吧​,7,4,0,f,38,
21岁重庆男子跳江,https://weibo.com/1966245651?refer_flag=1001030103_,咖啡神油,https://weibo.com/1966245651/OdnGCmn57?refer_flag=1001030103_,Wed May 08 22:58:06 +0800 2024,发布于 北京,#21岁重庆男子跳江#胖猫聊天记录↓L咖啡神油的微博视频​​​#男子冒充胖猫事件女主被行政处罚#​,1,4,0,m,138102,娱乐博主 微博原创视频博主
21岁重庆男子跳江,https://weibo.com/5891066118?refer_flag=1001030103_,只是想换个名8,https://weibo.com/5891066118/OdmNxCMI7?refer_flag=1001030103_,Wed May 08 20:42:25 +0800 2024,发布于 广东,ge#重庆生活##21岁重庆男子跳江#​,0,1,0,f,0,
21岁重庆男子跳江,https://weibo.com/7402447426?refer_flag=1001030103_,夜萘潔圆_,https://weibo.com/7402447426/OdltEeMUE?refer_flag=1001030103_,Wed May 08 17:20:39 +0800 2024,发布于 广东,#21岁重庆男子跳江#,1105156,0,0,f,263,微博剪辑视频博主
21岁重庆男子跳江,https://weibo.com/7730611372?refer_flag=1001030103_,无间道学习,https://weibo.com/7730611372/OdjyTdRP3?refer_flag=1001030103_,Wed May 08 12:28:04 +0800 2024,发布于 江苏,@魏嘉齐乐不高兴你之前也是小三上位？而且还没领结婚证？现在还爆一系列料用社会舆情导向让@高亚麟不好过？说实话，我真的同情不了你一点。虽然夏在你这儿不是什么好鸟，你难道不知道吗？鸠占鹊巢还没领证，现在发现另外一个鸠，你倒先跳起来了？现世报有没有？​展开c,21,0,1,m,23260,
21岁重庆男子跳江,https://weibo.com/1197951667?refer_flag=1001030103_,作家曾子航,https://weibo.com/1197951667/OdjmgoWGz?refer_flag=1001030103_,Wed May 08 11:56:58 +0800 2024,发布于 北京,#21岁重庆男子跳江##胖猫事件#胖猫事件最近火爆网络，而且还有继续霸屏的趋势。为什么一个21岁小男生网络被骗投江自尽的事件引起全网的大规模讨论，有人说是现在渣女（捞女）太多，有人说是因为如今男多女少的社会环境，让很多娶不着老婆的男人极度自卑，看到胖猫花了巨款还被捞女骗的人财两空，产​展开c,210,7,200,m,1156333,情感类畅销书作家，主持人 微博原创视频博主 头条文章作者
21岁重庆男子跳江,https://weibo.com/5228576490?refer_flag=1001030103_,龙老师找你咋了,https://weibo.com/5228576490/OdeNXdlOS?refer_flag=1001030103_,Wed May 08 00:21:27 +0800 2024,发布于 湖南,趁世界静默之前我希望你能快乐...#21岁重庆男子跳江#​,0,0,0,m,116,
21岁重庆男子跳江,https://weibo.com/5857528094?refer_flag=1001030103_,杏仁纱手,https://weibo.com/5857528094/Odai6fGjM?refer_flag=1001030103_,Tue May 07 12:51:59 +0800 2024,发布于 贵州,#21岁重庆男子跳江#大家来看看,1105156,0,0,f,77,
21岁重庆男子跳江,https://weibo.com/6498380047?refer_flag=1001030103_,Love彩色凤凰,https://weibo.com/6498380047/Odagk0tdr?refer_flag=1001030103_,Tue May 07 12:47:36 +0800 2024,发布于 广东,#21岁重庆男子跳江#很可惜，看了一下视频，他们两的对话，就明着一对活生生的骗人，骗钱，怎么就被骗了2年呢，如果是我，我可能比较滑，有个人喜欢在我面前作，就让他作，而且要尽可能不付出地作，怎么就会把自自己沦陷了呢？再回头想想，21岁靠打游戏维生，已经转了2年了，那从会玩到精玩，也用了好​展开c,1,1,0,f,145,
21岁重庆男子跳江,https://weibo.com/3243605871?refer_flag=1001030103_,段子,https://weibo.com/3243605871/Oda075DWH?refer_flag=1001030103_,Tue May 07 12:07:40 +0800 2024,发布于 安徽,#21岁重庆男子跳江#这种蛇蝎女人，就该被司法，强烈建议国家立法。​,3,2,0,f,338207,
21岁重庆男子跳江,https://weibo.com/7491715217?refer_flag=1001030103_,紫霞你来了,https://weibo.com/7491715217/Od9jxnfEb?refer_flag=1001030103_,Tue May 07 10:22:47 +0800 2024,发布于 重庆,51万一分钱没花，日决一句没少挨#21岁重庆男子跳江#​,0,0,0,m,0,
21岁重庆男子跳江,https://weibo.com/6619930351?refer_flag=1001030103_,玄泽mihoyo,https://weibo.com/6619930351/Od5FsBFOT?refer_flag=1001030103_,Tue May 07 01:05:48 +0800 2024,发布于 安徽,#胖猫事件##21岁重庆男子跳江##百度贴吧#愿为逝者哀哭…​,0,0,0,m,27,
21岁重庆男子跳江,https://weibo.com/2714133045?refer_flag=1001030103_,邦妮帮帮你呀,https://weibo.com/2714133045/OcSi4EzPR?refer_flag=1001030103_,Sun May 05 15:02:29 +0800 2024,发布于 浙江,小冰冷和胖猫事件我这两天会在星球发一些新的解读但是我的核心理解一直没有变：社会对男女要求是不一样的如果一个女人无法保护自己作为“女”那部分资源，社会其实会鄙视她，她基本上保护不了自己reproduction那部分生殖资源，也很难是合格母亲，所以我们社会压根不允许女人真爱上不合格的“父亲材​展开c,80,5,14,f,177549,
21岁重庆男子跳江,https://weibo.com/1415658153?refer_flag=1001030103_,小北2010空间,https://weibo.com/1415658153/Od5h9B7ES?refer_flag=1001030103_,Tue May 07 00:05:56 +0800 2024,发布于 北京,【一个观点】胖猫事件出来后，很多人开始指责涂磊教女孩子的话：不给你花钱的男人就是不爱你。男生们信奉童锦程的话：钱是给女人看的，不是给女人花的。说啥好呢？听情感专家教你谈恋爱的都是傻子。涂磊有妻有女，生活幸福。童锦程长得很帅，不花钱也有女人喜欢。每个人的具体情况都不一样​展开c,6,0,1,f,2237,
21岁重庆男子跳江,https://weibo.com/3090323425?refer_flag=1001030103_,廖晴宝,https://weibo.com/3090323425/OcQ90wlgf?refer_flag=1001030103_,Sun May 05 09:34:38 +0800 2024,发布于 安徽,女生应该都知道真心喜欢一个人是不舍得花他的钱的更不会要求送贵重礼物#胖猫事件##21岁重庆男子跳江##谭竹#​,57,42,0,f,12333,微博原创视频博主
21岁重庆男子跳江,https://weibo.com/7623767329?refer_flag=1001030103_,特香椰子汁_,https://weibo.com/7623767329/Od3Ti1bII?refer_flag=1001030103_,Mon May 06 20:34:23 +0800 2024,发布于 上海,#胖猫事件##21岁重庆男子跳江##谭竹回应#江是自己跳的钱是自己转的你到底要讨回啥公道呢​,14,7,0,f,14,
21岁重庆男子跳江,https://weibo.com/6086788353?refer_flag=1001030103_,觉略略略爱美食1993,https://weibo.com/6086788353/Od3nL3KVm?refer_flag=1001030103_,Mon May 06 19:16:42 +0800 2024,发布于 河北,来个重庆人给我语音骂一下好么，想听，真的又解气又搞笑，把人骂到骨头缝儿里哈哈哈哈哈哈#胖猫事件##21岁重庆男子跳江#​,1,0,0,m,1,
21岁重庆男子跳江,https://weibo.com/7587616259?refer_flag=1001030103_,凉兮本主,https://weibo.com/7587616259/Od2qiDWfG?refer_flag=1001030103_,Mon May 06 16:50:13 +0800 2024,发布于 浙江,千倍LAMB，值得拥有，全靠妖币回血。#胖猫事件##币圈##21岁重庆男子跳江#@半木夏@凉兮回来了@Crypto丁少​,3,0,0,m,203,
21岁重庆男子跳江,https://weibo.com/7448628265?refer_flag=1001030103_,burnout114,https://weibo.com/7448628265/Od2jAjbmz?refer_flag=1001030103_,Mon May 06 16:33:40 +0800 2024,发布于 北京,#21岁重庆男子跳江#这件事情到目前为止仍然只是“网传”，没有任何实质性的证据。如果是真的，那这个男生很可怜，希望他一路走好；如果是假的，那希望背后编造事实以此谋利的营销团队“一路走好”。​​​,3,1,1,f,8,
21岁重庆男子跳江,https://weibo.com/5540994572?refer_flag=1001030103_,又丑又胖又懒,https://weibo.com/5540994572/Od2ek5TnR?refer_flag=1001030103_,Mon May 06 16:20:42 +0800 2024,发布于 陕西,我真的觉得爱一个人一定不舍得花对方的钱因为任何金钱不会从天而降都是需要辛苦的去赚因为我看到钱不是觉得自己有钱花了而是我很心疼他赚钱他赚钱的时候很累我也舍不得不忍心花所以如果一个人花你的钱心安理得不懂节制既要还要这个人一定不爱你真的远离！避免恋爱诈骗人生下滑陷阱#肥猫#​展开c,0,1,0,f,1233,
21岁重庆男子跳江,https://weibo.com/7062915206?refer_flag=1001030103_,田然vlog,https://weibo.com/7062915206/Od1Xb9r6h?refer_flag=1001030103_,Mon May 06 15:38:27 +0800 2024,发布于 广东,那么希望你是我的兄弟/朋友、多么希望你还在…….#胖猫事件##21岁重庆男子跳江#​,1,0,0,m,2,
21岁重庆男子跳江,https://weibo.com/7822253403?refer_flag=1001030103_,怪物作者Gold,https://weibo.com/7822253403/Od1prCyBZ?refer_flag=1001030103_,Mon May 06 14:15:22 +0800 2024,发布于 江苏,看了几天胖猫事件，热度还在，自己也是意难平几天了，再吐吐槽男主特征：恋爱脑，年轻没经验，他不知道自己陷进女主以恋爱为名的诈骗圈套里，一直给对方打钱还声称不用还，这种人一旦被骗了感情，就容易做极端的事，这也不是人家自愿，是年纪轻上了有阅历女人的当，那些说自愿的没良心还是人吗？一个​展开c,0,4,0,f,93,
21岁重庆男子跳江,https://weibo.com/6305734223?refer_flag=1001030103_,爱懿的懿,https://weibo.com/6305734223/Od1jgbo60?refer_flag=1001030103_,Mon May 06 14:00:07 +0800 2024,发布于 青海,#21岁重庆男子跳江#胖猫你糊涂啊，来世你会遇到好女孩的​,0,0,0,f,16,
21岁重庆男子跳江,https://weibo.com/7587616259?refer_flag=1001030103_,凉兮本主,https://weibo.com/7587616259/Od0ZKxcD2?refer_flag=1001030103_,Mon May 06 13:12:04 +0800 2024,发布于 浙江,牛市不会长久套人，经历过牛市的都知道一波大的上涨行情开始后，一个月就可以涨十倍，10w变50w，100w变500w就是一个月的事情，经历了3月中旬到现在的调整和回撤，我知道很多人被磨平了棱角磨没了脾气，但是我却认为距离100w变500w的日子已经不远了。@半木夏@凉兮回来了#胖猫事件##21岁重庆男子跳江​展开c,2,0,0,m,203,
21岁重庆男子跳江,https://weibo.com/5982285200?refer_flag=1001030103_,洛姬酱,https://weibo.com/5982285200/OcZZApYn7?refer_flag=1001030103_,Mon May 06 10:38:55 +0800 2024,发布于 广东,#胖猫事件##21岁重庆男子跳江#​,3,5,0,m,182,
21岁重庆男子跳江,https://weibo.com/5614259879?refer_flag=1001030103_,张一毛grace,https://weibo.com/5614259879/OcZXMgB3b?refer_flag=1001030103_,Mon May 06 10:34:27 +0800 2024,发布于 河南,破败不堪，满是创痕的灵魂。急需一个东西来填满他的残缺，就盲目选择一个，他自己认为的好的。谁想这是一个侵蚀他灵魂的恶魔。反而让他自己本身仅有的一点碎片。变得一丝不剩。#21岁重庆男子跳江#​,0,0,0,f,213,
21岁重庆男子跳江,https://weibo.com/5056805054?refer_flag=1001030103_,lyces-,https://weibo.com/5056805054/OcXbSasf5?refer_flag=1001030103_,Mon May 06 03:30:56 +0800 2024,发布于 上海,每个人的爱人处理感情的能力等级不同，不是所有人都能做到及时清醒和脱身。我们挺过那段痛苦的经历然后豁然开朗，没挺过来很可能就过不来了。从事发后上帝视角来看这段情感的一开始简直能够号称诈骗，被骗的人却没有上帝视角。他在前一天还接单打单子努力赚钱，死前还会把没打完的单子退钱给别人，讲​展开c,0,3,0,f,205,
21岁重庆男子跳江,https://weibo.com/5729728736?refer_flag=1001030103_,Witz琬,https://weibo.com/5729728736/OcMUBnHmO?refer_flag=1001030103_,Sun May 05 01:20:55 +0800 2024,发布于 中国澳门,为何胖猫事件没有任何官方报道也没有民众拍到的视频或者目击者，不要说是因为51放假所以没发通告，重庆17岁男孩被捅死51期间还是发了通告的，打捞这么多天也没有民众看到或者听到，现在群众听到知道的全都来自于互联网上的博主，唯一能查得到的就是图5官方报道的4.14号凌晨4点21岁男子跳江被救的报道，​展开c,26,21,0,f,303,
21岁重庆男子跳江,https://weibo.com/7587616259?refer_flag=1001030103_,凉兮本主,https://weibo.com/7587616259/OcVpPyrdp?refer_flag=1001030103_,Sun May 05 22:59:50 +0800 2024,发布于 浙江,我的微信已经不可用都是炒作，看看就好。大号商用。@半木夏@凉兮回来了#币圈##胖猫事件##21岁重庆男子跳江#​,2,0,0,m,203,
21岁重庆男子跳江,https://weibo.com/1917062463?refer_flag=1001030103_,宏桑hit,https://weibo.com/1917062463/OcVnUwNjk?refer_flag=1001030103_,Sun May 05 22:55:06 +0800 2024,发布于 浙江,缺爱的人，是如何被情感霸凌的#21岁重庆男子跳江#L宏桑hit的微博视频​,2,0,0,m,322600,情感博主
21岁重庆男子跳江,https://weibo.com/1817282557?refer_flag=1001030103_,盐小姐不吃盐,https://weibo.com/1817282557/OcJDbchho?refer_flag=1001030103_,Sat May 04 16:59:45 +0800 2024,发布于 荷兰,#胖猫事件##21岁重庆男子跳江#我乎有人邀请我回答胖猫事件。我说话难听，国内有胖猫，国外有吾妻之死，因为一件事就站在了男女对立面打嘴炮，甚至说纯爱没有好下场、不相信爱情的都是傻逼。趁他们的死输出偏见搞对立带节奏就挺无耻。与此类同的事情是翟欣欣事件，当时我压根不知道这件事，老朋友​展开c,57,15,4,f,173692,微博新知博主
21岁重庆男子跳江,https://weibo.com/6726518832?refer_flag=1001030103_,世人解浊我独醒,https://weibo.com/6726518832/OcUCPEuwz?refer_flag=1001030103_,Sun May 05 20:59:07 +0800 2024,发布于 江苏,等着吧，经济不好，加上现在事情一出，捞女将越来越少.你想她KTV的都没遇到有钱的镑着，所谓的像蛐蛐口中的那种动不动给几千万的大佬你看有几个？现在事情一出，你看，男人一个个的都代入了，有的笑死我，给女的买50面包，让退回的哈哈哈，说不想和胖猫一样。笑死我了所以，以后女人做捞女非常​展开c,1,0,0,f,180,
21岁重庆男子跳江,https://weibo.com/5580002411?refer_flag=1001030103_,Fool妹阿,https://weibo.com/5580002411/OcTUsgDji?refer_flag=1001030103_,Sun May 05 19:09:47 +0800 2024,发布于 河南,心疼每一个默默努力奋斗而且专一的男生。不爱请别伤害。#21岁重庆男子跳江#​,0,0,0,f,483,
21岁重庆男子跳江,https://weibo.com/5493128094?refer_flag=1001030103_,Kirstyyy,https://weibo.com/5493128094/OcTiIrxR1?refer_flag=1001030103_,Sun May 05 17:36:49 +0800 2024,发布于 北京,微博真的现在就是个大粪坑再也不玩了垃圾。想说那些自诩正义自诩理智自诩聪明的垃圾们祝你们以后找到的老公老婆都是谭竹榨干你们让你们也都去跳海顺便感受一下这个世界的冷漠到时候大家轻飘飘的对你说一句：纯爱战士真是傻又不是什么对社会有贡献的人物占用什么公众资源还有重庆官博都忙着​展开c,5,1,0,f,126,
21岁重庆男子跳江,https://weibo.com/7863574258?refer_flag=1001030103_,加密AK,https://weibo.com/7863574258/OcOFD16vW?refer_flag=1001030103_,Sun May 05 05:49:31 +0800 2024,发布于 广东,#21岁重庆男子跳江#关于胖猫让我想起了曾经看过的一本书里写的一些有感触的话，作者把女人分两类母爱类型的女人与妓女型的女人，母亲型的女人用母亲的态度对待她爱的人，母亲型的女人会在爱的男人身上激发自己的母性妓女型的女人：这里不是真正说的那种妓女，妓女会放弃传统文化的束缚，甚至放弃社​展开c,53,12,1,m,41517,
21岁重庆男子跳江,https://weibo.com/6466051678?refer_flag=1001030103_,李甜甜au,https://weibo.com/6466051678/OcRSf7U0X?refer_flag=1001030103_,Sun May 05 13:58:50 +0800 2024,发布于 河南,#21岁重庆男子跳江##胖猫事件##谭竹再回应#胖猫的运势解析​,2,0,0,f,52,
21岁重庆男子跳江,https://weibo.com/5991028938?refer_flag=1001030103_,森林里的奇遇,https://weibo.com/5991028938/OcRIykmxa?refer_flag=1001030103_,Sun May 05 13:34:57 +0800 2024,发布于 河南,攻击逝者必须严惩！愿逝者安息。#21岁重庆男子跳江##胖猫事件##谭竹#​,3,0,0,f,7,
21岁重庆男子跳江,https://weibo.com/6363536255?refer_flag=1001030103_,进来佝嗨,https://weibo.com/6363536255/OcRFOs42S?refer_flag=1001030103_,Sun May 05 13:28:13 +0800 2024,发布于 广东,#21岁重庆男子跳江#肿了？​,1,0,0,m,129,
21岁重庆男子跳江,https://weibo.com/7475617490?refer_flag=1001030103_,歪梨小祈_,https://weibo.com/7475617490/OcRrYyMor?refer_flag=1001030103_,Sun May 05 12:54:08 +0800 2024,发布于 山东,#21岁重庆男子跳江#有这些时间赛博哭坟不如给自己在农田里快晒晕的老爹老娘端一壶热水​,8,4,0,f,3,
21岁重庆男子跳江,https://weibo.com/7747599743?refer_flag=1001030103_,go娟子go,https://weibo.com/7747599743/OcRoH1Avp?refer_flag=1001030103_,Sun May 05 12:46:02 +0800 2024,发布于 河南,感觉胖猫姐姐混麦圈胖猫事件超话#21岁重庆男子跳江##如何看待网友给胖猫点外卖#​,0,5,0,f,95,
21岁重庆男子跳江,https://weibo.com/7843046611?refer_flag=1001030103_,貓咪收藏夾_,https://weibo.com/7843046611/OcRk5ePT4?refer_flag=1001030103_,Sun May 05 12:34:41 +0800 2024,发布于 浙江,#21岁重庆男子跳江#他跳的什么江呀好想去参观参观​,2,4,0,f,269,
21岁重庆男子跳江,https://weibo.com/2101503004?refer_flag=1001030103_,王者之言如是,https://weibo.com/2101503004/OcQYVrPQU?refer_flag=1001030103_,Sun May 05 11:42:34 +0800 2024,发布于 广东,有一种共情叫“兔死狐悲”，一个被女人嫌弃的男的自挂东南枝了，千万个男的发出哀嚎：哀嚎他们没有女人要的悲惨命运。#21岁重庆男子跳江#​,1,0,0,m,686,
21岁重庆男子跳江,https://weibo.com/1993839007?refer_flag=1001030103_,TANSHR,https://weibo.com/1993839007/OcQRCBgqr?refer_flag=1001030103_,Sun May 05 11:24:33 +0800 2024,发布于 广东,真心，诚实，善良，坚持不懈这些美好品德成本实在太高了。这往往成为别人伤害自己的利刃#21岁重庆男子跳江#​,0,0,0,f,130,
21岁重庆男子跳江,https://weibo.com/5862974782?refer_flag=1001030103_,关东煮71,https://weibo.com/5862974782/OcNPSzTYp?refer_flag=1001030103_,Sun May 05 03:42:02 +0800 2024,发布于 浙江,不是，这么多对国家有贡献的人，对社会有贡献的人去世的时候也没见你们这么心疼啊#胖猫谭竹##胖猫事件##21岁重庆男子跳江#​,25,43,1,m,20,
21岁重庆男子跳江,https://weibo.com/7747599743?refer_flag=1001030103_,go娟子go,https://weibo.com/7747599743/OcQFfvt2s?refer_flag=1001030103_,Sun May 05 10:54:05 +0800 2024,发布于 河南,我不行了胖猫事件超话胖猫事件超话#21岁重庆男子跳江##胖猫涉事大桥外卖成堆网友建议送环卫#​,5,1,0,f,95,
21岁重庆男子跳江,https://weibo.com/7191307114?refer_flag=1001030103_,上北201906,https://weibo.com/7191307114/OcQlC8ed5?refer_flag=1001030103_,Sun May 05 10:05:42 +0800 2024,发布于 浙江,#21岁重庆男子跳江#这个世界总有那么多人傻的很天真，以为只要有一颗真心就能留住身边人，殊不知，真心在利益面前一文不值。男孩把她当全世界，她却觉得可以随意拿捏一个人，可她不懂在他的世界里，她是他此生的唯一啊！以前，我也有人生最重要的人，可是他逼着我放下他，逼着我的全世界毁塌的时候，​展开c,4,0,0,f,8,
21岁重庆男子跳江,https://weibo.com/2311873775?refer_flag=1001030103_,刘亿的日常,https://weibo.com/2311873775/OcQdonzBt?refer_flag=1001030103_,Sun May 05 09:45:27 +0800 2024,发布于 天津,追重庆TZ吃空包外卖享江底人生—-一生都被欺负的胖猫#胖猫事件##21岁重庆男子跳江#下辈子擦亮眼，遇良人​,2,0,0,m,130,
21岁重庆男子跳江,https://weibo.com/1746917160?refer_flag=1001030103_,不喜欢一切麻烦的事,https://weibo.com/1746917160/OcQb7ESdd?refer_flag=1001030103_,Sun May 05 09:39:52 +0800 2024,发布于 黑龙江,#21岁重庆男子跳江#爱人先爱己谋爱先谋生​,0,0,0,f,1286,
21岁重庆男子跳江,https://weibo.com/5946986170?refer_flag=1001030103_,UPgirl抹茶酱,https://weibo.com/5946986170/OcQ6Y27Uq?refer_flag=1001030103_,Sun May 05 09:29:37 +0800 2024,发布于 浙江,我虽然把抖音早卸载了抖真的疯人low人多啥仿妆什么的都是为了流量有的时候跳出微博看看其他平台就事论“这一件事”而言比起短平快情绪化的微博抖音大脑我更相信长加工更理性的微信公众号在另一个公众号O惊爆！谭X真是女同骗钱？女T爆猛料胖猫尸骨未寒她还撩骚！看到了全程整理记录谭发出的截图漏洞百出还有叫错老公的、文件名不​展开c,0,1,0,f,6731,情感博主
21岁重庆男子跳江,https://weibo.com/7831075041?refer_flag=1001030103_,云璟yoo,https://weibo.com/7831075041/OcPR2b9Od?refer_flag=1001030103_,Sun May 05 08:50:22 +0800 2024,发布于 云南,O愿死者安息，求别再对立引战希望明日晴朗～[微风]#21岁重庆男子跳江##谭竹再回应#2楚雄​,0,0,0,m,102,微博原创视频博主
21岁重庆男子跳江,https://weibo.com/5938289310?refer_flag=1001030103_,考拉聪聪殿下,https://weibo.com/5938289310/OcPktp9Jq?refer_flag=1001030103_,Sun May 05 07:30:09 +0800 2024,发布于 江苏,不爱请直接说出来，不要欺骗爱自己的人，嘴上叫着老公，心里却只想着捞钱，玩弄感情的人注定被感情玩弄，辜负真心的人要吞一万根针#21岁重庆男子跳江##捞女##杀猪盘感情诈骗#​,1,0,0,f,9,
21岁重庆男子跳江,https://weibo.com/1662407481?refer_flag=1001030103_,吉林郝峰,https://weibo.com/1662407481/OcPgycK3l?refer_flag=1001030103_,Sun May 05 07:20:29 +0800 2024,发布于 吉林,跳江男孩胖猫为女友花180万？姐姐发声：共转账51万，还有30多万未还O网页链接#21岁重庆男子跳江##胖猫姐姐称恋爱转账51万30多万未还##胖猫事件女方疑似回应我被污蔑谁负责#​,0,0,0,m,719720,吉林新闻综合广播副总监、主持人
21岁重庆男子跳江,https://weibo.com/3065383057?refer_flag=1001030103_,南屋阿弥陀佛_k,https://weibo.com/3065383057/OcOVsjBK9?refer_flag=1001030103_,Sun May 05 06:28:31 +0800 2024,发布于 山西,看了一晚上胖猫世界上怎么会有这么傻的男生啊多好的宝藏男孩阿愿天堂没有榨汁机🙏#胖猫事件##21岁重庆男子跳江#​,1,2,0,f,1335,
